{
  "coil_train_losses": [
    0.042512811730457775,
    0.028214145281994278,
    0.023461311719370232,
    0.021539170414357302,
    0.018869635947418504,
    0.01711281234022761,
    0.015439013125112663,
    0.01548747615451632,
    0.014550233002170409,
    0.013235499251285898,
    0.014389215668054829,
    0.013171338520789458,
    0.012640929796870811,
    0.012321603778221843,
    0.012273958350329186,
    0.013468916029274289,
    0.011510009660313262,
    0.01175728571619704,
    0.01079684994494482,
    0.010001298482277656,
    0.009795381182414692,
    0.009541298337425744,
    0.009016680364093125,
    0.009818897233607285,
    0.009610043783091759,
    0.009197290082771451,
    0.009143354480145567,
    0.009241306063376992,
    0.009260979960886897,
    0.00949943439338595
  ],
  "coil_val_losses": [
    0.02522408842306697,
    0.02005560332768117,
    0.019785154836647438,
    0.018415915726853364,
    0.016417006073011595,
    0.013340822745566114,
    0.0161549921366245,
    0.0141656886094786,
    0.013056916551608028,
    0.011898161416562894,
    0.010468446180421972,
    0.009811303077378508,
    0.01163656644480811,
    0.013952980544700316,
    0.012016926130110567,
    0.013105597502241531,
    0.011688366560547642,
    0.011645064230613185,
    0.011121103751727125,
    0.010222608294112213,
    0.009771707884007783,
    0.011362156252179182,
    0.01116995052716723,
    0.009763587167430105,
    0.009346825426980628,
    0.010450212955192634,
    0.010605671305463395,
    0.009846058042691739,
    0.009523890201693795,
    0.010194991641169921
  ],
  "best_val_loss": 0.009346825426980628
}